time,signal
0.0,15.151919263383473
0.001,
0.002,
0.003,15.521549967880699
0.005,15.77876012980034
0.007,16.041583147008975
0.008,16.174188220574322
0.009000000000000001,16.307066409151968
0.01,16.43980537697678
0.011,
0.012,16.70314570152228
0.013000000000000001,16.832856831559617
0.016,17.208619119487036
0.018000000000000002,
0.019,17.554384341476723
0.02,17.660751778535403
0.021,17.761889916042993
0.022,
0.023,17.946639425066174
0.024,18.029356365817684
0.026000000000000002,18.17333552821882
0.027,18.233789530303028
0.028,18.286045335646804
0.029,18.329748225404316
0.03,
0.031,18.390193788931818
0.032,18.406349625536343
0.033,18.412782127763716
0.034,18.40926892807176
0.035,18.395618654592603
0.036000000000000004,18.371672186839813
0.037,
0.04,
0.041,18.09431724245674
0.043000000000000003,17.909623196940235
0.044,17.801761778547597
0.045,17.683766046565818
0.047,17.418221196435546
0.048,17.271188866785874
0.049,17.11505470423503
0.05,16.950166380280436
0.051000000000000004,16.776905759349148
0.052000000000000005,16.59568782517417
0.053,16.406959463897984
0.054,16.211198108118232
0.055,16.0089102467135
0.056,
0.057,15.586916407479297
0.058,15.36835351104996
0.06,14.919120348051141
0.061,14.68971798773133
0.062,
0.063,14.224630224603265
0.065,13.755690964540177
0.067,
0.069,12.828465974889811
0.07,12.60294939165462
0.07100000000000001,12.381330299771864
0.073,11.952479037011003
0.075,
0.076,11.354902302414784
0.077,11.170365902133883
0.078,10.994122674899254
0.079,23.61827460788077
0.08,23.460212776752016
0.081,23.311980624908873
0.082,23.174028623198144
0.083,23.04677341615311
0.084,22.930596222780594
0.08600000000000001,22.732814978243887
0.08700000000000001,22.651783765000793
0.088,22.582974037745636
0.089,22.526570814216754
0.09,
0.092,22.433017241764293
0.093,22.427243009832182
0.094,
0.095,22.45370207943248
0.096,22.485748840978527
0.097,22.53014519616951
0.099,
0.1,22.735240817898035
0.101,22.82664373421841
0.10300000000000001,23.04192711201741
0.10400000000000001,23.164987731645535
0.105,23.29772480172867
0.108,23.748932423694725
0.109,
0.111,
0.112,
0.113,24.64331658920319
0.114,24.837930349036316
0.115,25.036240016260535
0.116,
0.117,25.44120076205162
0.12,26.05909747049124
0.121,26.26508094266825
0.122,
0.124,26.873561745401386
0.125,27.071034472253583
0.126,27.264768229044883
0.127,27.45415287563107
0.128,27.638599302320433
0.129,27.81754147861772
0.13,27.990438397441114
0.131,28.156775907343082
0.132,28.31606842578116
0.133,28.467860527028815
0.135,28.74728116294551
0.136,28.874162053775425
0.137,
0.139,29.199738201756578
0.14,29.289079263350214
0.14100000000000001,29.368507265873983
0.14300000000000002,29.497119670367802
0.14400000000000002,29.546147231978626
0.145,29.58494782451748
0.146,29.61353761711641
0.147,29.631969879870862
0.148,29.640334347469985
0.149,29.638756441361043
0.152,29.576137866349033
0.153,29.53672366271843
0.154,29.488492974467096
0.156,29.366872526837234
0.157,29.294193059397287
0.158,29.214114196722115
0.159,
0.16,29.033426703404334
0.161,28.93369887639863
0.162,
0.163,
0.164,28.60258720602588
0.165,28.4832020987521
0.166,28.360145481609642
0.168,28.10506031537671
0.17,27.841431135820514
0.171,
0.17200000000000001,27.57333338797568
0.17300000000000001,27.43885976569662
0.17400000000000002,27.30475355136777
0.176,
0.177,26.909315198909272
0.179,
0.18,26.53338607286349
0.181,26.41428788700716
0.182,26.298898094217144
0.183,26.18754472250815
0.184,26.080532028688154
0.185,25.97813965215118
0.187,25.788207089766264
0.189,25.619467292763684
0.192,
0.193,25.35030393641264
0.194,25.297754573326745
0.196,25.210535907959695
0.197,25.175817289026654
0.198,25.146951501316078
0.199,25.12385288120099
0.2,25.106412872697856
0.203,25.086636795020052
0.20500000000000002,25.098820793055314
0.20600000000000002,25.111904780188542
0.20700000000000002,25.12933893704725
0.20800000000000002,25.15087326944908
0.209,25.17624624806079
0.21,
0.211,
0.213,25.310575415668385
0.214,25.350921695184056
0.215,
0.216,25.437653909518733
0.217,25.48344216081543
0.219,25.578383498129423
0.22,25.626956821653017
0.221,
0.222,25.724906146003462
0.223,25.773745341335733
0.224,25.82215272161875
0.225,25.86988616588905
0.227,25.962426206819252
0.228,26.006814877772467
0.23,26.090897395774906
0.231,26.13026655200338
0.233,26.202976535919287
0.234,26.23609670058717
0.23500000000000001,26.266943431434548
0.23600000000000002,
0.23700000000000002,12.867771250128486
0.24,12.93165407961451
0.241,12.948147908365756
0.243,12.974174787342786
0.244,12.983847613441
0.245,12.991413571208872
0.246,12.996982088750261
0.247,13.000677115175684
0.248,13.002636294095158
0.249,13.003010074491657
0.25,
0.251,12.999661526917775
0.252,12.996295339664986
0.253,12.992053896179979
0.254,12.987136481377926
0.255,12.981748810519273
0.256,12.976101842626644
0.257,
0.258,12.96489281222398
0.259,12.959767952296609
0.262,12.948942535162093
0.263,
0.264,12.947671487804962
0.265,12.94944505209082
0.268,12.966731844143352
0.269,12.977080037628193
0.27,12.989994300014244
0.271,13.005621177751111
0.272,13.024094433923366
0.273,
0.274,
0.276,
0.277,13.162846974021122
0.278,13.200398152421407
0.279,
0.28,13.285604464205973
0.281,13.333258198694583
0.28200000000000003,
0.28400000000000003,13.496041813090697
0.28500000000000003,
0.28700000000000003,
0.28800000000000003,13.756503501175015
0.289,47.97413379436846
0.29,4.93899240503122
0.291,35.68727009839059
0.292,44.63520370769098
0.293,
0.294,-35.55696722119852
0.295,26.284200817528607
0.296,29.203162656416218
0.298,103.30005981854652
0.3,62.55663675344501
0.301,48.646520083638585
0.302,
0.304,-95.7130809161709
0.305,28.00802755242126
0.306,-96.46931893038851
0.309,67.82195608616088
0.31,
0.311,15.619379259831378
0.312,15.684081409375507
0.313,
0.314,15.801666505434426
0.316,15.901684720436151
0.317,15.944467578065794
0.318,15.982116187034247
0.319,16.014409631066066
0.321,16.062120349453757
0.323,16.086136099710874
0.324,16.08887398607241
0.325,16.085262476414574
0.326,16.075197816747014
0.327,16.058595507329606
0.329,
0.33,15.969015106950234
0.331,15.925815977765044
0.333,15.819479451629267
0.334,15.756438127292395
0.336,15.611004930329766
0.337,
0.338,15.440537227577595
0.339,15.346277939300165
0.34,15.246234082825987
0.341,
0.342,
0.343,14.913464572059585
0.34400000000000003,14.792440492431924
0.34500000000000003,14.666797067642364
0.34800000000000003,
0.34900000000000003,14.123887026381329
0.35000000000000003,13.979657319498592
0.35100000000000003,13.832701157514581
0.352,13.683373732798398
0.353,
0.355,13.224837545411322
0.356,13.069731421257446
0.357,12.9141358626172
0.358,12.758440351494324
0.359,
0.36,12.448314341527004
0.361,12.294666186191444
0.362,12.142480399002844
0.363,11.99214275038736
0.364,11.844034755647536
0.365,11.698532536346326
0.366,11.556005703225068
0.367,11.416816264315129
0.368,11.281317561780373
0.37,11.02275625439303
0.371,10.900347905343207
0.372,10.782936931384636
0.373,10.670818633169336
0.374,10.564274049521332
0.375,10.463569181703765
0.376,10.368954268963336
0.377,
0.379,10.12390151448733
0.38,10.055811247263092
0.381,9.994804164369429
0.382,9.9410238116673
0.383,9.894594475637001
0.384,9.855620921759947
0.385,9.824188194037152
0.386,9.800361475640198
0.387,
0.393,9.847838785473197
0.395,18.992212844805938
0.396,19.04368225304399
0.397,19.10218353857241
0.398,19.16755403744005
0.399,
0.4,
0.401,19.403010695869767
0.402,
0.406,19.91315003501972
0.40800000000000003,20.152341807563978
0.40900000000000003,20.27830485207009
0.41200000000000003,
0.41300000000000003,20.817223620770655
0.41400000000000003,20.959075127625862
0.41500000000000004,21.10310099270641
0.41600000000000004,21.248958343437135
0.417,21.396302495314153
0.418,21.54478784195491
0.422,22.14324573878952
0.423,
0.424,22.440414020463756
0.425,22.587314766809154
0.426,22.73266129527465
0.428,23.01743421934108
0.429,23.15625031197852
0.43,
0.432,23.554932009362595
0.434,23.803199946621547
0.435,23.92131864564879
0.436,24.035115970348173
0.437,24.144373480706964
0.438,24.24888516621056
0.442,
0.443,24.693956562767035
0.444,24.76640228630343
0.445,24.833032753550796
0.447,
0.448,24.997133168344288
0.449,25.039674625414175
0.454,25.15971123098721
0.455,25.165199980109428
0.456,25.164585103272444
0.459,25.126746634063785
0.46,25.10240843960723
0.461,25.072374357254475
0.463,24.99570027984976
0.464,24.949328686187645
0.465,24.897797166396906
0.466,24.841265521450737
0.467,24.779902970613193
0.46900000000000003,
0.47000000000000003,24.568653107342513
0.47100000000000003,
0.47200000000000003,24.407146526030285
0.47300000000000003,24.32081693138655
0.47400000000000003,24.231062365449432
0.47500000000000003,24.138108890797092
0.47600000000000003,
0.47800000000000004,23.84238160754083
0.47900000000000004,23.73897703447128
0.48,23.633561728437947
0.482,23.417680623089616
0.484,23.196709660377916
0.485,23.084931996535314
0.486,22.972620075923036
0.487,22.86001731480101
0.488,22.74736488839994
0.49,22.522861348506765
0.491,22.411476644563443
0.492,
0.494,22.083499191461087
0.495,21.976955192868225
0.497,21.769279993830942
0.499,21.5701123588204
0.5,21.47417578983012
0.501,21.38089908513664
0.503,21.202961655886835
0.505,21.037487799602776
0.506,20.95975761846617
0.507,20.88552479545677
0.508,20.81489749428969
0.509,20.747974591764102
0.51,
0.511,20.62559078083643
0.513,20.518977446616866
0.514,
0.515,20.428589873272553
0.516,20.389582921733204
0.517,20.354737073509234
0.518,
0.519,20.297586065341825
0.52,20.275288525640683
0.521,20.257167796001468
0.522,20.243207704936935
0.524,20.227667562907826
0.525,20.226018908055323
0.526,20.228394340694692
0.527,20.234743395071334
0.528,20.245009777460343
0.529,20.25913173662136
0.53,
0.532,20.323939678747497
0.534,20.38507991797483
0.536,20.459785088146667
0.537,
0.538,20.54733286778258
0.54,20.646968513136695
0.541,20.701077324043137
0.542,20.757916006745987
0.543,20.817385913602138
0.544,20.87938828480129
0.545,20.943824502157305
0.546,
0.547,
0.548,21.150756864932873
0.55,21.29909867836647
0.553,16.785944707976142
0.554,16.867965920878333
0.555,16.951481005690464
0.556,17.03640252469882
0.557,17.122644225060128
0.558,
0.56,17.38844355252581
0.561,17.479123397654902
0.562,17.570705831445704
0.5630000000000001,17.663108907519874
0.5650000000000001,17.850049121932113
0.5670000000000001,18.039284568621408
0.5680000000000001,
0.5690000000000001,18.2301435839786
0.5700000000000001,18.325966409323307
0.5710000000000001,18.421932959022843
0.5720000000000001,18.517951612792444
0.5730000000000001,18.613928176748963
0.5750000000000001,18.80536357779026
0.5760000000000001,18.900618466509428
0.577,18.995422809405298
0.578,19.08966517992294
0.579,
0.581,
0.582,19.45863402979261
0.583,19.548240081791924
0.584,19.63652011856535
0.585,19.72332950088745
0.586,19.808518442668742
0.587,19.89193201628534
0.588,19.97341019831878
0.589,20.052787957365958
0.59,20.12989538537468
0.591,20.20455787374277
0.593,20.345827472167173
0.594,
0.595,20.47511547134715
0.596,20.534787762965955
0.597,20.590884456202023
0.598,20.643206878947932
0.599,20.691554747262064
0.6,20.735726759192886
0.603,20.84117303172207
0.604,20.866631389278282
0.605,20.886915813036577
0.606,
0.607,
0.608,20.914820965800555
0.609,20.912529838184696
0.61,20.904152711934216
0.611,20.889527074236355
0.614,20.80667172289257
0.615,20.765617242074036
0.616,20.71765274087254
0.617,
0.618,20.60062622745982
0.619,20.531417482206027
0.62,20.455007007756798
0.621,20.371362332213437
0.622,20.28046881303956
0.623,20.182330394063456
0.626,
0.627,19.718095508298443
0.628,
0.629,
0.63,19.29704260247408
0.631,19.143526781680038
0.632,18.983736694950053
0.633,18.817891559024776
0.634,18.64623354839963
0.636,18.286561949240355
0.637,
0.638,17.90711399786187
0.639,17.710818655698976
0.64,17.51063604771881
0.641,17.306962367484648
0.642,
0.643,16.890825507648994
0.644,16.679251191686127
0.646,
0.647,16.036200550086477
0.648,15.820747197208174
0.649,15.605612612988729
0.651,15.17846855453325
0.652,14.967566218407324
0.653,
0.654,14.553920500227175
0.655,14.352318705812706
0.656,14.154962310443333
0.658,13.775277840772558
0.661,13.25182173655013
0.662,13.09184185248926
0.663,12.940011390610334
0.664,12.796849212548697
0.665,12.662858756304054
0.668,12.320681539592313
0.669,12.228038828600642
0.67,
0.672,12.01993168884082
0.674,11.94274894036689
0.676,11.917389583081828
0.677,
0.679,
0.68,12.028032792776408
0.682,12.165527513595661
0.683,
0.685,
0.687,12.746874485701893
0.6890000000000001,13.071068487609907
0.6900000000000001,13.251761397211542
0.6910000000000001,13.444385640553111
0.6920000000000001,13.6485441055753
0.6930000000000001,13.863802532519944
0.6940000000000001,
0.6950000000000001,
0.6960000000000001,14.571299100388439
0.7000000000000001,15.637640415862144
0.7010000000000001,
0.704,
0.705,
0.706,17.41463762285069
0.707,17.721978661118598
0.708,18.030398761749566
0.709,18.339081331839335
0.71,
0.712,16.45325729057535
0.713,16.75474676776131
0.714,17.052380248215222
0.716,17.632837218263745
0.717,17.914066219742114
0.718,18.18825530858722
0.719,18.454645081553714
0.721,18.961089257997735
0.723,
0.724,19.644525934794324
0.725,
0.726,
0.727,20.221383200208813
0.728,20.3873866437326
0.73,20.677120248625638
0.732,20.907854316231784
0.733,
0.734,
0.735,
0.736,21.182765249266538
0.737,21.21147350086659
0.738,21.223963740864303
0.739,
0.74,21.200246823597556
0.741,21.16413641561187
0.742,
0.744,
0.745,
0.746,20.747222356666484
0.747,20.61836764772835
0.748,20.475162723765372
0.749,
0.75,
0.751,19.9639539926102
0.752,
0.753,19.560336241352285
0.755,
0.756,18.87264280273091
0.757,18.624146915952416
0.758,18.367211985871606
0.759,18.102589550222707
0.761,17.553387932967517
0.762,17.270404110674104
0.764,16.69175993969145
0.765,
0.766,16.10177594173003
0.767,15.804637013131297
0.768,15.507192944773056
0.769,15.210285809697773
0.77,14.914752560061183
0.772,14.331114683065604
0.773,14.044635631314915
0.774,
0.775,13.486311994746357
0.776,13.215995706879546
0.777,12.952560258574977
0.779,12.44913915729022
0.78,12.210489968415864
0.781,11.981390745546891
0.783,11.554179659749073
0.784,
0.785,11.171839086439125
0.786,10.998692390558592
0.787,10.838124051229292
0.788,10.690506728014245
0.79,10.435412260732836
0.792,10.235566516914542
0.793,
0.794,10.092449234561096
0.795,10.042438400797352
0.796,
0.797,
0.798,9.978883264168978
0.799,9.986354756576166
0.8,10.007964970682654
0.801,10.043538502903157
0.802,10.09285991230518
0.803,10.155674648025636
0.804,
0.805,10.320576690582422
0.806,
0.808,10.660641115984134
0.809,10.797024250196023
0.81,10.944124069728543
0.811,11.10141899999168
0.812,11.2683611674261
0.8130000000000001,11.444378220035839
0.8140000000000001,11.628875205424652
0.8150000000000001,11.821236499957578
0.8160000000000001,12.020827782595545
0.8170000000000001,
0.8180000000000001,12.43908164467561
0.8190000000000001,12.656400354714815
0.8230000000000001,13.56413901519811
0.8240000000000001,13.79716652337169
0.8260000000000001,14.26557137616319
0.8270000000000001,14.49953772079434
0.8280000000000001,14.732414871505474
0.8290000000000001,
0.8300000000000001,15.19215469342677
0.8310000000000001,15.41767086512564
0.8320000000000001,15.639408562967041
0.833,
0.834,16.069013666818655
0.835,16.275658387461686
0.836,16.476082498656307
0.837,16.669726562406886
0.838,16.85605456028171
0.839,17.03455524897381
0.84,17.204743433852887
0.842,17.51837880361093
0.843,17.660996106011773
0.844,17.79364307464123
0.845,17.915980823333577
0.846,18.027702306344334
0.847,
0.848,18.218231248539738
0.849,18.29658911553739
0.85,18.363432337654782
0.851,18.41862078384977
0.852,18.462048578514587
0.853,18.49364416970919
0.854,
0.855,18.521223903252203
0.856,18.51723586161726
0.857,18.501470735826683
0.858,18.47402635878974
0.859,18.435033361346473
0.86,
0.863,18.16730192216752
0.864,18.073629283091698
0.866,17.856284351566483
0.867,17.733318217690986
0.868,
0.87,24.217479734188736
0.871,24.061027942545966
0.873,23.72694138861051
0.874,23.550317297792866
0.876,23.180552490020435
0.877,22.98851072151224
0.878,22.792447790308152
0.879,
0.88,
0.881,22.18592618501787
0.882,
0.884,21.56431148558707
0.885,21.35653499028801
0.886,
0.887,20.943694780286307
0.888,20.739807901811172
0.889,20.538383849352567
0.89,20.339992872451298
0.891,20.145195176837746
0.892,19.95453942871891
0.893,19.768561294504575
0.894,19.58778201964927
0.895,19.41270705019769
0.896,19.243824700524282
0.897,19.081604870653198
0.898,18.926497816431752
0.899,18.778932975710195
0.9,18.639317853552114
0.901,18.508036969363353
0.902,18.38545086868336
0.903,18.271895202231246
0.904,
0.907,17.913772934716977
0.908,17.849477379374
0.909,17.795660849243212
0.91,17.75246506139619
0.911,
0.912,
0.913,17.687574247961383
0.914,17.687683963088936
0.915,17.698675912863138
0.916,
0.917,17.75312664648308
0.919,17.85027146900618
0.92,17.914522116497427
0.921,17.988991008257543
0.922,18.073468174023525
0.923,18.16771681104767
0.924,
0.925,18.38445170939274
0.927,18.636795017131355
0.93,19.07591268313638
0.931,
0.932,19.404405606588853
0.933,19.578069413266867
0.935,19.941895642321917
0.936,20.13108377659645
0.937,20.324453625030053
0.9380000000000001,
0.9390000000000001,20.721678487813485
0.9400000000000001,20.924485882440486
0.9410000000000001,21.129382836251434
0.9420000000000001,21.335834866965996
0.9430000000000001,21.54330602947449
0.9440000000000001,
0.9450000000000001,21.95916401270353
0.9470000000000001,22.37269908011862
0.9480000000000001,
0.9520000000000001,
0.9540000000000001,
0.9550000000000001,23.92208373575736
0.9560000000000001,24.096141827250502
0.9570000000000001,
0.9580000000000001,24.42648736194885
0.9590000000000001,24.58202942123913
0.96,24.73068855036139
0.962,25.006101884867284
0.963,
0.964,25.25044567103756
0.966,25.461820745011636
0.967,25.554660050870783
0.97,25.78006843591422
0.971,25.837174945194057
0.973,25.924026985665915
0.974,
0.975,
0.976,25.98597221935463
0.977,25.988591441336226
0.978,25.982346983169712
0.98,25.943791254913048
0.981,
0.982,25.871572231822544
0.983,25.823326387719177
0.984,25.76728854299871
0.985,25.703705496290283
0.986,25.632840902458703
0.987,25.554974178025674
0.988,
0.989,
0.99,
0.992,
0.994,24.84008919394089
0.996,24.59147002145104
0.997,
0.998,24.328434648902036
1.0,24.05396354187269
1.004,23.482567723131034
1.006,23.191422183003834
1.0070000000000001,23.045703431065167
1.008,22.900328758309186
1.01,
1.0110000000000001,22.46940126255904
1.012,22.32847751049699
1.0130000000000001,22.189375186666734
1.0150000000000001,21.917649338710586
1.016,21.78549725481677
1.0170000000000001,21.656108632157814
1.018,21.52968158588188
1.0190000000000001,21.40639866512927
1.022,21.057003253363
1.0230000000000001,20.94780596334553
1.024,
1.025,20.74095684396218
1.026,20.64346479651347
1.027,12.933237705838065
1.028,12.84385978713058
1.031,12.600400765507699
1.032,12.527473022331597
1.033,12.458625757098254
1.034,12.39382150278665
1.035,12.333011562588297
1.037,12.223127783030348
1.038,12.173906639009306
1.039,12.128386682200833
1.04,12.086473744165453
1.042,12.01305897124049
1.045,11.927285816914234
1.046,11.904711345644156
1.047,
1.048,11.867840106790936
1.049,11.85328965967663
1.05,11.841159979869246
1.051,
1.053,11.818042612341895
1.054,11.81435323389105
1.055,11.812475536139553
1.056,11.81229711457576
1.058,11.81661088824864
1.059,11.82090201044742
1.06,11.826491048244298
1.062,11.841223850454917
1.063,11.85021393239866
1.064,11.860194983930969
1.065,11.871106851686413
1.066,11.882896269845123
1.067,11.895516905387014
1.068,11.908929357311143
1.07,11.938006446269384
1.071,11.953626307874718
1.072,
1.074,12.004678485886425
1.075,12.023092213849274
1.076,12.042217667852277
1.077,12.06207077954252
1.081,12.149233370175565
1.083,12.197898313963885
1.084,12.223629732894796
1.085,12.250347688937005
1.086,12.278093876620755
1.087,12.306910384737286
1.088,12.336839181118782
1.089,12.367921600604692
1.09,12.400197839155988
1.091,12.43370645702024
1.092,12.468483893778057
1.093,12.504563998014897
1.094,12.541977574262617
1.095,
1.096,12.620910563321202
1.097,12.662472578941378
1.098,12.705452525671054
1.099,12.749859966324475
1.1,12.795699196470903
1.102,12.891662290922646
1.103,12.941766157998517
1.105,13.04612279211076
1.106,13.100318426582334
1.107,13.15581020362533
1.108,13.212553544551167
1.109,13.270497469471737
1.11,
1.111,
1.112,13.450928484142807
1.115,13.63973518268029
1.116,
1.117,13.769122896067666
1.118,
1.119,13.900410280900863
1.12,
1.121,14.032737770297782
1.122,
1.123,14.165191884716338
1.124,14.231169730987336
1.125,14.296819589184592
1.127,14.426643775313895
1.1280000000000001,14.490571617063525
1.1300000000000001,14.615845990709913
1.131,14.676950983104144
1.1320000000000001,14.736876706676476
1.133,14.795508003518057
1.1340000000000001,14.852732886412651
1.135,14.90844303703726
1.1360000000000001,14.96253429001834
1.137,
1.1380000000000001,15.065466991593407
1.139,15.11412498295834
1.141,15.205409213608501
1.1420000000000001,
1.143,
1.1440000000000001,15.326205364400671
1.145,15.361938498853345
1.147,15.42635033136937
1.1480000000000001,15.454971272910022
1.149,15.481177249274701
1.1500000000000001,15.504959794965393
1.151,15.526318710723327
1.153,15.561806121467328
1.154,
1.155,15.587802068824287
1.156,15.597326670247654
1.157,15.604597060329162
1.159,15.612603810712892
1.161,15.612349168841881
1.163,
1.164,
1.166,
1.167,15.568767133585464
1.168,15.556292022501058
1.169,
1.171,15.512123936612417
1.172,15.495540300896703
1.173,15.47822196468111
1.174,
1.175,15.441851328874005
1.176,15.423031845362827
1.177,15.403942120695987
1.181,15.327063283191194
1.182,15.308227365240782
1.183,15.289734773020658
1.184,15.271671161346818
1.185,16.542728888012206
1.186,16.525755661079828
1.187,16.50943053626853
1.188,16.493812625961873
1.189,16.478953502093248
1.19,16.464896902493585
1.192,16.439325555859696
1.195,16.407605150340796
1.196,16.39881609662063
1.197,
1.199,16.377577650243648
1.2,16.372096245330212
1.201,16.367336838287976
1.202,16.363240797656484
1.203,16.359741545277274
1.204,16.356764842989513
1.205,16.354229119131315
1.206,
1.209,16.346629373158397
1.21,
1.211,16.342882887934838
1.212,16.340619663451886
1.213,16.33793201165821
1.214,16.33469287040706
1.215,16.330772942402387
1.217,16.32036625618779
1.218,16.313615619050125
1.219,16.305657793243366
1.22,16.29636225910129
1.221,16.28560030623667
1.222,16.27324572533717
1.223,
1.224,16.24327047475722
1.225,
1.226,16.205502857911185
1.233,16.00065925895814
1.234,
1.235,15.91896501139136
1.236,15.87402841734461
1.237,15.826342365515675
1.238,15.775903450997777
1.239,15.722719763823864
1.24,15.66681111460102
1.241,15.608209214774691
1.242,15.546957810493044
1.243,
1.244,15.416742118518815
1.245,
1.247,15.20333864375259
1.248,
1.249,15.050231596681934
1.25,14.970809497477426
1.2510000000000001,
1.252,14.806978622106932
1.2530000000000001,14.722901981914843
1.254,
1.2550000000000001,
1.256,14.464227893565273
1.258,14.288422349312679
1.2590000000000001,14.200158919683563
1.26,14.111958596129057
1.2610000000000001,14.024056458825715
1.2630000000000001,
1.264,
1.2650000000000001,13.680293536718008
1.266,13.597560006430768
1.268,
1.2690000000000001,13.361108694118574
1.27,13.287053506048872
1.2710000000000001,13.215798282971413
1.272,13.147590419554604
1.2730000000000001,13.082673463714638
1.274,13.021286286305086
1.2750000000000001,12.963662260686698
1.276,12.910028455099729
1.2770000000000001,12.86060484070667
1.278,12.815603518107674
1.2790000000000001,12.775227965055036
1.28,12.739672308007046
1.281,12.709120620065647
1.282,12.683746247737467
1.283,12.663711168843983
1.284,
1.285,12.640246342228549
1.286,12.637078407169145
1.288,12.648424935253093
1.289,70.92866153285053
1.29,39.648582540548965
1.291,-69.02414234639666
1.294,113.39776701622708
1.295,28.663893954465635
1.296,
1.297,24.535554862819154
1.298,-71.63493725868946
1.3,-14.255246309677265
1.301,-10.46100194090283
1.303,-64.7387735188749
1.304,79.62258203421958
1.305,
1.306,
1.307,36.896138350649686
1.308,-113.72623450095567
1.309,73.27502385345693
1.31,14.347861492803986
1.312,14.625458106201643
1.313,14.76951377347587
1.314,14.916706107525142
1.315,15.066747070535863
1.316,
1.317,
1.318,15.530956073700283
1.32,15.849036149251415
1.321,16.009687945405794
1.322,16.170972024684797
1.323,16.332552484337395
1.324,
1.326,
1.327,16.97505276250987
1.328,17.133020700554923
1.331,17.595137971460545
1.332,17.744140750927134
1.333,
1.334,18.03264364957665
1.335,
1.336,18.30638699347549
1.337,18.436966332723806
1.338,18.562962553360983
1.339,18.68409547252007
1.34,18.80009443621154
1.343,30.963502707609486
1.345,31.143111786702672
1.346,31.22322673164949
1.348,31.363131462016646
1.349,31.42258311622502
1.35,31.474831997722397
1.352,31.557200090752232
1.355,31.62385756392777
1.356,
1.358,31.620536151715456
1.359,31.603705492518383
1.36,31.57900207140277
1.361,31.546442014620446
1.362,
1.363,31.45789159607445
1.365,
1.366,
1.367,31.188873682825122
1.368,31.103014040842474
1.369,31.009954994684843
1.37,30.909841551077275
1.371,30.802831750156567
1.373,30.568818329629497
1.375,30.30942621570855
1.3760000000000001,30.170736331428532
1.377,30.026351502849426
1.379,29.721461311282276
1.3800000000000001,
1.381,29.396779237449614
1.3820000000000001,29.22768763460189
1.383,
1.3840000000000001,
1.385,28.696823213809264
1.387,
1.3880000000000001,28.136866417099615
1.389,27.9452006163769
1.3920000000000001,27.359674390333467
1.393,27.162085491652753
1.3940000000000001,
1.395,26.76528324843138
1.3960000000000001,26.566739640424068
1.397,26.368548182430814
1.3980000000000001,26.171043890035985
1.399,25.974560849290352
1.4000000000000001,25.7794316736298
1.401,25.585986965669058
1.4020000000000001,25.394554784533575
1.405,24.83556483324383
1.407,24.478820064811387
1.408,24.306144425148332
1.409,24.137663220390433
1.411,23.814434758510743
1.413,23.511363454487643
1.414,23.368049227782677
1.415,
1.416,23.099114033662424
1.418,22.855329377740485
1.419,22.743416491748174
1.421,
1.422,22.44997542360466
1.423,
1.424,22.291357873996233
1.425,
1.427,22.111944305066114
1.428,22.06823323746671
1.429,22.032736340329265
1.43,22.005534747779315
1.431,
1.432,21.976276373353734
1.434,21.980842959916856
1.436,22.019404596949318
1.437,22.051427471509957
1.438,
1.439,22.140826186430232
1.44,22.19810878149148
1.441,
1.442,22.337505753852255
1.443,22.419445876553343
1.444,
1.445,
1.446,22.712908090479466
1.447,22.826165068012227
1.448,22.946885833248732
1.449,23.074898872190758
1.45,23.210020341931795
1.451,23.352054294570863
1.452,23.500792918266907
1.453,23.65601679519071
1.454,23.81749517612416
1.455,23.984986271450737
1.456,24.158237558276696
1.457,
1.458,24.520958901997002
1.459,24.709873231353043
1.46,
1.462,25.303300263121194
1.464,25.718040029715933
1.465,25.93017050879779
1.466,26.145024189899637
1.467,26.36225510239096
1.469,
1.47,27.02466620442195
1.471,27.247836087882174
1.472,27.471575106098058
1.474,27.919263216584127
1.476,28.364711808531975
1.477,
1.479,29.02202368583132
1.481,29.44854497170369
1.482,
1.483,29.862184833322967
1.484,30.06324031897242
1.485,
1.486,
1.487,30.638959027244695
1.488,
1.489,30.996343949991772
1.491,31.32939148188278
1.493,31.63550501232598
1.496,
1.498,32.26732977545918
1.499,32.368664414204616
1.5,
1.502,
1.503,15.349254408810681
1.504,15.404116279155344
1.505,
1.506,15.484310810083636
1.507,
1.508,15.52436818977898
1.511,
1.512,
1.513,15.445401594443904
1.514,15.39877113644436
1.515,
1.516,15.274960359792779
1.517,
1.518,15.111016693863117
1.519,15.014302805224919
1.52,14.907969360109352
1.521,14.792200453226295
1.522,14.667202297816406
1.523,14.53320310214329
1.524,14.390452887415076
1.525,14.239223245638705
1.526,14.079807036063876
1.528,13.737690426296467
1.529,13.555678466827818
1.53,13.366855767815887
1.531,13.171614750183565
1.533,
1.534,12.551572954487145
1.535,12.334933227278515
1.536,
1.537,11.88953998593923
1.538,11.661775928422117
1.539,11.431313105450194
1.541,10.964391434981575
1.542,10.729004046770726
1.543,10.493058169555333
1.547,9.554755046083397
1.548,9.324331320670204
1.549,9.096678921819276
1.55,8.872347577428167
1.551,8.651881302370839
1.552,8.435816779805283
1.553,8.224681736015725
1.554,8.0189933143203
1.555,7.819256453731694
1.556,7.625962278194145
1.557,7.43958650233398
1.558,7.260587859751722
1.559,7.089406559950228
1.56,6.926462780034468
1.561,
1.562,6.62685956908485
1.563,6.490927365276588
1.564,6.364684460685828
1.566,6.142434686134361
1.567,
1.568,5.96215993023734
1.569,5.888272942042606
1.57,
1.571,5.773743412875818
1.573,
1.574,5.686302432821725
1.577,5.700234853363792
1.578,5.727072480018764
1.579,
1.58,5.813141017395487
1.581,5.871953208659384
1.583,6.0198362837892025
1.584,
1.585,6.2059581754043425
1.587,6.4273622083668664
1.588,
1.589,6.680633112589778
1.59,6.818036260213013
1.591,6.961939413139977
1.593,
1.5939999999999999,7.427194527373448
1.595,7.59155341563968
1.5959999999999999,7.759557101158306
1.597,7.93059175439681
1.5979999999999999,8.104034173435899
1.599,8.279253997094449
1.5999999999999999,8.455615962440534
1.601,
1.6019999999999999,8.809214545777236
1.603,8.985176897788778
1.6039999999999999,9.159737547022505
1.605,9.332271534600677
1.6059999999999999,9.502162989214321
1.6079999999999999,
1.609,9.990008280505114
1.6099999999999999,
1.611,10.291352589767977
1.6119999999999999,
1.613,10.568643461654768
1.615,10.81807396808966
1.6159999999999999,10.931273489843305
1.617,11.036287340229478
1.6179999999999999,11.132775095954845
1.619,11.220430805916616
1.6199999999999999,
1.6219999999999999,11.427888940724785
1.623,11.47788796812528
1.6239999999999999,11.518081896652298
1.625,11.548393391702323
1.626,11.568785489685135
1.627,11.579261834242612
1.628,11.579866752325227
1.629,11.570685168896134
1.631,11.523503542252794
1.633,11.439194881572487
1.634,
1.636,11.24786272592392
1.637,11.168162446734446
1.638,
1.639,
1.64,10.887163078327662
1.641,10.781130315035131
1.643,
1.645,10.309515004495633
1.646,10.18267269019197
1.647,10.05348734606806
1.648,9.922597975683232
1.649,9.790652561065055
1.651,9.526214719431803
1.652,9.395039492842294
1.653,9.265437277129053
1.654,9.138061275169996
1.655,9.013557717810716
1.656,8.892563215230647
1.657,8.775702140079089
1.658,
1.659,22.19374981636004
1.66,22.092874596940874
1.661,
1.662,21.91102367914596
1.663,21.831072862622058
1.665,21.695470048816844
1.666,
1.667,21.595030699648515
1.668,
1.67,21.516336085199857
1.671,21.510372372462548
1.672,21.514874905323804
1.673,21.529980756841585
1.674,21.555784395737568
1.677,21.697677700921563
1.678,21.766350079375083
1.679,21.845540897966224
1.68,
1.681,22.034769740699407
1.682,22.14434751631128
1.683,
1.684,22.39196865222027
1.685,22.529307494755976
1.686,22.67513158615644
1.687,22.828994872757832
1.688,22.990416489538415
1.689,
1.691,23.514737456428804
1.692,23.70095026300094
1.693,23.891859333521015
1.694,24.08681520780969
1.695,24.285148045829665
1.696,24.4861700688625
1.697,24.689178068002857
1.699,25.098277451008478
1.7,25.302908586155326
1.701,25.50661052775605
1.702,25.70864219867505
1.703,
1.705,26.29732803402112
1.706,26.485317600188587
1.707,26.667992203738464
1.708,26.844653584612246
1.709,27.014619709161394
1.711,27.33183387387127
1.712,27.477820747528774
1.713,
1.714,27.74158972018683
1.715,
1.716,27.96413237633473
1.717,28.058704873912188
1.718,
1.719,28.212275229654672
1.72,
1.7209999999999999,28.31594347938448
1.722,28.348285468854847
1.7229999999999999,28.367298837245592
1.724,28.37278570302576
1.7249999999999999,28.36459103243964
1.7269999999999999,28.30675414193819
1.7289999999999999,28.193420713741673
1.73,28.116020225121236
1.732,27.92028920753225
1.7329999999999999,27.802303114420475
1.734,27.671203460875034
1.7349999999999999,27.52726710980782
1.736,
1.7369999999999999,
1.738,
1.7389999999999999,26.830077747585776
1.74,26.627479641339878
1.7409999999999999,
1.742,
1.7429999999999999,25.959608974784388
1.744,25.718831094816796
1.7449999999999999,25.46998150617498
1.746,25.213701317920243
1.7469999999999999,24.950653999836813
1.748,24.68152325567382
1.75,
1.752,23.558425210809645
1.753,23.269686489466352
1.755,22.687929275989
1.756,22.396437933282616
1.757,22.105557348899815
1.76,
1.761,20.963295611257145
1.762,
1.763,
1.766,
1.767,19.39389558268408
1.768,19.15791577834111
1.769,18.930914642634505
1.77,18.71346328690755
1.771,18.50610560207964
1.772,18.309356920543465
1.773,
1.774,17.9495977819437
1.775,17.787464576244723
1.776,17.63769292461715
1.777,17.500638893194942
1.778,17.376624145784465
1.779,17.26593534810676
1.78,
1.781,17.085504467833893
1.782,17.016156899125107
1.783,16.960923880785177
1.784,
1.787,
1.788,
1.79,16.973907209471236
1.791,17.032410765329367
1.792,17.104706997841507
1.795,17.40213208701483
1.798,17.81442729515583
1.799,
1.8,18.14849456607369
1.802,18.526099723189542
1.803,18.730090887975454
1.804,18.94356031838847
1.805,19.165999634694394
1.806,19.3968839848173
1.807,19.63567353056676
1.808,19.881814947983354
1.809,
1.81,20.393881737907588
1.811,
1.812,20.92844551936583
1.813,21.202680297429094
1.814,21.480748479835018
1.815,21.76204461216096
1.816,1.5400888706215576
1.817,1.8260199913729558
1.819,2.4015043008166748
1.82,2.689855724595288
1.821,2.9778202735179486
1.822,3.264811184708167
1.823,3.550249611682098
1.824,3.8335658209094516
1.825,4.114200344392184
1.826,4.391605086420345
1.827,4.665244382855869
1.828,4.934596011484609
1.829,
1.83,5.458420295681079
1.831,
1.832,5.959204196022071
1.833,6.199818933764634
1.834,6.433345082776464
1.835,6.659378472352527
1.836,6.8775345799919645
1.837,7.087449065328671
1.839,7.481199544851669
1.84,7.664411821785837
1.841,
1.842,
1.843,
1.845,8.433336913409343
1.846,8.556207241624314
1.8479999999999999,8.76973944066772
1.849,8.86017963065699
1.851,9.008022507878085
1.8519999999999999,9.065337693705025
1.853,
1.8539999999999999,9.146701199582637
1.855,
1.8559999999999999,9.1838870021382
1.859,
1.8599999999999999,9.128072427198685
1.8619999999999999,9.037037932771609
1.863,8.976316737374798
1.8639999999999999,8.905726959784412
1.865,8.825490002175233
1.867,8.637039345663432
1.8679999999999999,8.529345734199751
1.869,8.413043804872757
1.8699999999999999,
1.871,8.155806636477102
1.873,7.867833319418002
1.8739999999999999,7.713153252202562
1.875,7.551808695438155
1.876,7.38415941148464
1.877,7.21057339338916
1.878,7.031426098860457
1.879,6.8470996784696165
1.88,6.65798219912625
1.881,6.464466863874501
1.883,6.065836419844951
1.884,5.861526345311416
1.885,5.654426913877039
1.887,
1.888,5.020465130805109
1.889,4.806280003343083
1.89,
1.891,4.376040003767824
1.892,4.160784929182664
1.893,
1.894,
1.895,3.5191915477273685
1.896,3.3079957784587974
1.897,3.098757338334111
1.898,2.8918389413788406
1.899,
1.9,2.486370907302434
1.902,2.094315619807438
1.904,1.718234206059583
1.905,1.5369350147111915
1.906,1.3605067382742824
1.907,1.189215855716747
1.908,1.0233155341815454
1.91,
1.913,0.2825501602354161
1.915,0.031236638502889047
1.916,-0.08414904309741278
1.917,-0.19252470104589348
1.918,-0.29378845910095475
1.92,
1.921,-0.5541326347066917
1.923,-0.6909977235477012
1.924,-0.748358212791365
1.925,-0.7983467346994182
1.926,-0.8409899898213409
1.927,-0.8763301300915218
1.929,-0.9253452856706494
1.93,-0.9391792617927779
1.931,-0.9460273217019628
1.932,
1.935,
1.936,
1.937,
1.938,-0.8095988563094996
1.939,
1.94,-0.7163572078685045
1.943,-0.5372754264057806
1.944,-0.4680326189629471
1.945,-0.39441324967634994
1.947,-0.2350356866120813
1.948,
1.95,
1.951,0.12514465129392738
1.952,0.22231019271749375
1.953,0.3218034055793959
1.955,0.5267380875130505
1.956,0.6316674195276843
1.958,0.8451928101198711
1.959,0.9532980340972985
1.96,
1.961,1.1710042960422986
1.963,1.3891892895393159
1.964,
1.965,1.606131871183525
1.966,
1.968,1.925763500698785
1.97,
1.971,2.2342542452549226
1.972,2.333892100504826
1.973,2.431711227173288
1.975,20.075072997927883
1.976,
1.9769999999999999,
1.978,20.343399086356143
1.9789999999999999,20.428190189522056
1.98,20.510553769340625
1.9829999999999999,20.742664854662376
1.984,20.81495118360211
1.9849999999999999,20.884672740283087
1.986,20.951828753720367
1.9869999999999999,21.016426512025834
1.988,21.07848094725477
1.9889999999999999,
1.992,21.30180637783588
1.9929999999999999,21.35160371397649
1.994,21.399081755821104
1.9949999999999999,21.44429553261707
1.996,21.48730370788074
1.9969999999999999,21.52816803159718
1.998,21.566952791218966
2.001,21.671499158991868
2.002,21.702640235750916
2.003,21.73204229548653
2.004,
2.005,21.785901298078684
2.0060000000000002,21.81049096841429
2.007,
2.008,21.855308046436434
2.009,21.875654897946376
2.01,21.894701854933203
2.012,21.9290986985665
2.0140000000000002,21.958864004049865
2.015,21.972105340309177
2.016,21.98429421481127
2.017,
2.019,22.014774449579956
2.02,22.0229570326697
2.021,22.03016402830788
2.0220000000000002,22.036395893897403
2.023,
2.024,22.045911910923763
2.025,22.049173221497927
2.026,22.051414064141472
2.027,22.05261216985763
2.028,22.052741350868573
2.029,22.05177178032751
2.0300000000000002,
2.031,22.0464007491365
2.032,22.04192432747844
2.035,22.020834210335863
2.036,22.011102999846354
2.037,21.999945083406104
2.0380000000000003,21.98731431419249
2.039,21.973164865956765
2.04,21.957451695269384
2.045,21.85396665905302
2.046,
2.0469999999999997,21.80026948342976
2.048,
2.049,
2.05,21.705884870908832
2.051,21.670678007076834
2.052,21.63359144894551
2.053,21.594629907444464
2.054,21.553804438824333
2.0549999999999997,
2.056,
2.057,21.420355077346453
2.058,21.372319184697194
2.06,
2.061,21.218194665209907
2.0629999999999997,
2.065,20.991784801464387
2.066,20.93199711980897
2.067,20.87113186137012
2.068,20.80929910388323
2.069,20.746615316957982
2.0709999999999997,20.619190788356406
2.072,
2.073,20.489906476865478
2.074,20.42491700724595
2.075,20.359891739510147
2.076,20.294982348853637
2.077,20.2303438357965
2.078,20.166134027230296
2.0789999999999997,20.102513057924945
2.08,20.03964283461621
2.081,
2.083,19.857170625321913
2.084,19.79893834717808
2.086,19.687335879319285
2.088,19.583274849232037
2.089,19.534458619789813
2.09,19.48798387088305
2.091,19.443993950952777
2.092,19.402627036592047
2.0949999999999998,19.295557106634405
2.096,19.265941686591333
2.097,19.239543969056683
2.099,19.196778017693894
2.1,
2.101,19.167923551926062
2.102,19.158880069401473
2.104,19.15180797993616
2.106,19.15963118295576
2.107,19.169166629056257
2.108,19.18244975065545
2.109,19.19946551475504
2.11,19.22018772271957
2.1109999999999998,19.244578994951855
2.112,19.272590793884564
2.113,19.30416348528763
2.114,
2.115,19.377698160050258
2.116,
2.117,19.46448873623691
2.1189999999999998,19.56367364935875
2.12,
2.123,19.794996952262217
2.125,
2.126,19.992393366890525
2.127,20.061806334348894
2.128,
2.129,20.20489783534697
2.13,20.278172190421344
2.1310000000000002,20.352322043959305
2.133,5.326248286512961
2.134,5.4017393089998835
2.135,5.477241187196363
2.136,
2.138,5.701607476476416
2.14,5.847203368336142
2.142,5.987590170260796
2.143,6.055301674672898
2.145,
2.146,6.246071400594312
2.1470000000000002,6.3048934956442
2.148,6.361024180953606
2.149,6.414289530573597
2.15,6.464523440030772
2.151,6.511568147512682
2.152,
2.153,6.595503579132521
2.1550000000000002,
2.157,6.719199364260588
2.159,6.757305069677234
2.164,6.779066887212432
2.165,6.770578160634749
2.166,
2.167,6.740768231607474
2.168,6.719505760588637
2.17,6.664506434620682
2.171,
2.1719999999999997,6.593339307267248
2.173,
2.174,6.506730410053659
2.175,
2.176,6.405591470552394
2.177,6.349906635383109
2.178,6.291010428316548
2.179,6.2290644763948695
2.1799999999999997,6.164239865256438
2.181,6.096716672360622
2.183,5.954336820079421
2.185,
2.186,5.725489741650341
2.1879999999999997,5.56526905115457
2.189,5.483544644710425
2.193,5.1514217407448974
2.195,4.985616489311033
2.1959999999999997,4.903631597529319
2.197,4.822582561842974
2.198,
2.2,4.587445628627217
2.201,4.512519308435003
2.202,4.439700283428446
2.203,4.369209479440618
2.2039999999999997,4.301261769796156
2.205,
2.206,4.173820912444128
2.207,4.114721376846445
2.208,4.05895092190446
2.209,4.00668457636758
2.21,3.958087617491153
2.211,3.913315029895281
2.2119999999999997,
2.213,3.835808382116641
2.214,3.8033283345003204
2.215,3.7751797990466285
2.216,
2.217,3.7322498440343232
2.218,3.7176220555889397
2.2199999999999998,
2.221,3.7017250058416513
2.223,3.7147011794256484
2.224,3.7282624031774168
2.225,
2.227,
2.2279999999999998,3.8288273393881633
2.23,
2.231,3.950880992085997
2.232,3.999896308214254
2.233,4.05285354707779
2.234,4.109599013768576
2.235,4.169966451995588
2.237,
2.238,4.370958843925747
2.239,4.443916141796964
2.242,4.677565732137389
2.243,4.759575405992816
2.2439999999999998,
2.245,4.928263931416728
2.246,5.014412888837907
2.247,5.1014028241802025
2.248,5.188956686740157
2.249,5.276794091100069
2.25,
2.252,5.53917201833209
2.254,
2.257,5.955654452349296
2.258,6.033316187657412
2.259,6.108471045988619
2.26,6.18086145945518
2.261,6.250237398419216
2.262,6.316357245577408
2.263,
2.2640000000000002,
2.265,
2.266,6.543785017439431
2.268,6.63243811638877
2.269,6.6698798869882925
2.27,6.70253257181966
2.271,
2.2720000000000002,6.75296321633808
2.273,6.770526924212247
2.274,6.782873991214277
2.276,6.791673087250509
2.277,6.788046049998445
2.278,6.779044755743344
2.279,6.7646742224741905
2.282,6.689668777723924
2.283,6.654233397271699
2.284,6.613725084433252
2.285,6.568256807376786
2.286,6.517958963057441
2.287,
2.2880000000000003,6.403481266611268
2.289,6.339646077927727
2.29,
2.291,24.813889975644894
2.293,24.65920544528776
2.294,24.576919766237054
2.295,24.491687942240393
2.2960000000000003,24.403786623876723
2.2969999999999997,24.313503046397148
2.298,24.221134097189974
2.299,24.126985342582874
2.3,
2.301,
2.302,23.8370246377631
2.303,23.7389498466096
2.304,23.64071678563703
2.306,23.445118322302513
2.307,
2.308,23.252917424503703
2.309,23.15892638881863
2.31,23.066781222281314
2.311,
2.312,22.8893183512836
2.3129999999999997,22.804629503052627
2.314,22.723041987431348
2.315,22.64484914211525
2.316,22.570333933279805
2.317,22.499767930085078
2.318,
2.319,22.371506948211742
2.32,22.314289447070678
2.3209999999999997,22.26197435569574
2.322,22.214762336761947
2.325,22.105497987238756
2.326,22.08036259212394
2.327,22.061071553847622
2.328,22.047716843831566
2.3289999999999997,22.04037069409165
2.33,22.03908532035543
2.331,22.043892718772845
2.332,22.054804537141457
2.333,
2.334,22.094886036713756
2.335,22.12397716607663
2.336,22.159015881207846
2.3369999999999997,22.19991278999542
2.338,22.24655895659328
2.339,22.298826293884797
2.34,22.356568026600694
2.341,22.419619223220273
2.342,22.487797394492873
2.344,22.63872095297888
2.3449999999999998,22.721019841614194
2.346,22.807554328264793
2.347,22.89806525847532
2.348,22.992280754912365
2.349,23.08991719941043
2.35,23.190680255202185
2.351,23.29426592510865
2.3529999999999998,23.50864738226936
2.354,23.61879681200771
2.355,23.73047843738402
2.356,
2.357,
2.36,24.300054209273096
2.3609999999999998,24.413826941561016
2.362,
2.363,
2.364,24.748824796104454
2.366,24.963656796911707
2.368,25.168805183853074
2.37,25.36196279471916
2.371,25.453372037701516
2.372,
2.373,25.62461407558724
2.374,25.70399267580273
2.376,
2.377,25.914741923396118
2.379,26.03071676110215
2.38,26.080921484321856
2.3810000000000002,26.125787751364317
2.382,26.165224336463112
2.385,
2.386,26.267447878137688
2.387,26.278965362180106
2.388,26.28486305825931
2.3890000000000002,
2.39,26.279920630700516
2.391,26.26918045647
2.392,26.253019517227024
2.393,26.23152490890161
2.394,26.20479762168342
2.395,26.172951943657992
2.396,26.13611482664675
2.399,25.997100067989823
2.4,25.941795975144622
2.401,
2.402,25.818802404353963
2.403,25.751496309725084
2.404,25.680584581896817
2.4050000000000002,25.60627517913654
2.406,
2.407,25.448319643343876
2.409,25.279379998969656
2.41,25.19135046008544
2.411,
2.412,25.0093031817395
2.4130000000000003,24.91573869816657
2.414,
2.415,
2.416,
2.417,24.52977700443136
2.418,
2.419,24.3328393603893
2.42,24.23412282475895
2.4210000000000003,24.13551168517045
2.423,23.9393850534294
2.424,23.842244595272994
2.425,23.74595896629241
2.426,23.650699629472207
2.427,23.556631194666316
2.428,
2.431,
2.432,
2.434,22.94382054578087
2.435,
2.436,
2.4379999999999997,22.640346603793752
2.439,22.570780572314952
2.44,
2.441,22.43973930034129
2.442,22.37838936217315
2.443,22.31989345310174
2.444,
2.4459999999999997,22.161983745188234
2.448,18.677267268707936
2.449,
2.451,18.564915035111053
2.452,18.53367524103262
2.453,18.50555844728116
2.4539999999999997,
2.455,18.458713692200817
2.456,18.4399885655403
2.458,18.41192066847733
2.459,18.402566064106942
2.461,18.393170264312676
2.463,18.39610971390338
2.464,18.40216754355187
2.465,18.411260681036275
2.466,18.4233695103018
2.467,18.438472791918617
2.468,18.456547652636313
2.469,18.477569558017443
2.4699999999999998,18.501512268979454
2.471,18.528347783206264
2.472,18.558046262513614
2.473,18.590575947366144
2.474,18.62590305984776
2.475,
2.476,18.704803712363095
2.477,
2.4779999999999998,
2.479,18.843162345489898
2.48,
2.483,19.063008750647814
2.484,19.123923247986905
2.485,19.187095615191627
2.4859999999999998,19.25245817217336
2.487,19.31993961859264
2.488,19.389464942403453
2.489,19.46095534086296
2.491,19.609496821361926
2.492,19.68637083454432
2.4939999999999998,
2.495,19.92626059952402
2.496,20.00897197413166
2.497,
2.498,20.177862317968422
2.499,
2.5,20.350599173648803
2.502,20.526201362350022
2.504,
2.505,20.792706240180838
2.5060000000000002,
2.507,20.97085864883811
2.508,21.059658578423345
2.509,21.148083154923906
2.511,21.323225625512748
2.512,21.40965139617468
2.5140000000000002,21.57947990801846
2.515,21.662590604824008
2.516,
2.517,21.824481214787088
2.518,21.90297583197005
2.519,21.979649669452762
2.52,22.054365468137842
2.521,22.12698881142657
2.522,22.197388501524994
2.524,22.331010439408683
2.526,22.45425994286331
2.527,
2.528,22.566239927709923
2.529,22.61774636867253
2.531,22.71132756326744
2.532,22.753235037292143
2.534,22.826914733876585
2.535,22.85855988044016
2.536,22.88666897927225
2.537,22.91119640889549
2.538,22.9321039327825
2.539,22.949360782156642
2.54,22.96294371358611
2.541,22.972837041223617
2.543,22.98152994557662
2.544,22.980335874192125
2.545,
2.546,22.966938400630724
2.547,22.95478563240676
2.548,22.93904250397668
2.549,22.91975195908646
2.551,22.870733913420317
2.553,22.808206153876228
2.554,
2.555,22.732740501526365
2.556,22.69035917530422
2.557,22.64499752335084
2.558,
2.559,22.54571722484012
2.56,22.49200110093499
2.561,22.435709037314723
2.562,22.376951333552956
2.563,22.31584129424251
2.564,22.252494886175704
2.565,22.18703039530381
2.566,
2.567,22.050229857036992
2.568,
2.57,
2.571,21.756594571716484
2.572,
2.573,
2.574,21.522768757877305
2.576,21.362275350060038
2.577,21.281013058780363
2.578,
2.579,21.117055463876685
2.58,21.03459407028021
2.581,20.951963468895386
2.582,
2.583,20.786638529830615
2.584,20.704159939487603
2.585,20.621943398894135
2.586,20.540090082100086
2.588,20.37786359109075
2.59,20.21823224771745
2.591,
2.592,20.061900575984126
2.593,19.98517930839382
2.594,19.909525714821218
2.5949999999999998,19.835014661621795
2.596,19.761718195854847
2.597,19.689705612090997
2.599,19.549795975936398
2.605,19.167299971053136
2.606,
2.607,
2.608,
2.61,6.0606475735810506
2.612,5.966550276989816
2.613,5.922630830420212
2.614,5.8808489065088665
2.615,5.841241941531347
2.616,5.80384658280172
2.617,
2.6189999999999998,5.705286165990428
2.621,
2.622,5.627886360194885
2.623,5.606944116580269
2.626,
2.627,5.548312133554505
2.628,5.540090998211607
2.629,5.534503325593887
2.63,5.531577127785018
2.6310000000000002,5.531339514287407
2.632,5.5338165924078195
2.633,5.539033357094388
2.635,5.557779633151288
2.636,5.571352443248761
2.638,5.606993505376128
2.6390000000000002,5.629094687676657
2.642,5.712673601674097
2.643,
2.644,5.782867330771967
2.646,5.864661210752351
2.6470000000000002,5.909897989617662
2.648,5.958015581891731
2.649,6.009000003691253
2.651,6.119493440784181
2.652,
2.656,
2.66,6.750744436003857
2.661,6.833436042213803
2.662,6.9183952544588205
2.663,7.005539367494016
2.664,7.0947800277059985
2.665,7.186023204449422
2.666,7.279169177221253
2.667,7.37411253914869
2.668,7.470742217215222
2.669,7.568941509596449
2.67,7.66858814042326
2.671,
2.672,
2.673,7.974907341159977
2.674,8.079011998873208
2.675,8.183872170023864
2.676,8.289334286445296
2.677,
2.68,8.713971070150016
2.681,8.81998265049392
2.683,
2.684,
2.685,9.238095374687026
2.686,9.340211620468647
2.687,9.440983463581256
2.688,9.540217948285967
2.69,
2.691,
2.692,9.917888941494596
2.694,10.092431500912499
2.695,10.175449704398247
2.696,10.255376863906488
2.697,
2.698,10.40520383840326
2.699,10.474733439781513
2.7,10.540432477866538
2.702,
2.703,10.712806978242035
2.704,
2.705,10.805466830577423
2.706,10.844652805644198
2.707,10.878883273246663
2.708,10.90802232367825
2.709,10.93194155766507
2.71,
2.711,10.96364703043314
2.713,10.973138334929999
2.714,10.969324036706809
2.715,10.959699890545428
2.716,
2.717,10.922773503745821
2.718,10.895373563836444
2.719,
2.7199999999999998,10.822538744826073
2.721,10.777073526761262
2.722,10.725575788381846
2.723,10.66806004033177
2.724,10.60455300834272
2.725,10.535093786440244
2.726,10.459733965014259
2.727,
2.729,
2.73,10.10076284145647
2.731,9.997116904409687
2.733,9.773991036181954
2.734,
2.735,9.530751768259261
2.7359999999999998,9.402010614539465
2.737,9.26877068940266
2.741,8.695027221261816
2.742,8.54254504201428
2.7439999999999998,8.228484257762638
2.745,8.06744834384885
2.746,
2.75,
2.752,6.892978865339455
2.753,6.722239379601344
2.754,6.551752495776574
2.755,6.381860581142167
2.7560000000000002,6.21290919192
2.757,6.045246364855114
2.758,5.879221891770772
2.759,
2.76,
2.761,
2.762,5.238522916100303
2.765,0.7027609154946006
2.766,
2.767,0.42677022698469
2.768,0.29620844361763554
2.769,0.1710284607960597
2.77,0.051540399186188246
2.771,-0.06195414280209599
2.773,
2.775,-0.4503076507830386
2.776,-0.5296639536762529
2.777,-0.6014398634388627
2.778,
2.78,-0.7691550298118219
2.781,-0.8085543560767343
2.782,-0.8394232130146024
2.783,-0.8616202012178142
2.784,-0.8750214826932821
2.785,-0.8795212982341312
2.786,
2.787,
2.789,-0.8070494061655831
2.79,-0.766119860975885
2.791,-0.7160582295912779
2.792,
2.793,-0.588687805530582
2.794,-0.5115056815541186
2.795,-0.42544503209933904
2.796,-0.3306217256711079
2.797,-0.2271726669356262
2.798,-0.11525572742055257
2.799,0.004950377604510781
2.801,0.269412125260041
2.802,0.41320799310369694
2.803,0.5643741090306325
2.804,0.7226313103591915
2.806,
2.807,
2.808,1.420335740269186
2.81,1.8031360935691865
2.811,2.0016942429804887
2.812,
2.814,2.6210029018476737
2.815,
2.816,3.049154087334613
2.817,
2.818,3.485208276892103
2.819,3.704998427581502
2.821,4.145647600060045
2.823,4.58439609776607
2.824,4.801801992499796
2.826,5.230164272061425
2.827,5.440121291479857
2.829,5.849119047237945
2.83,6.047190341693071
2.831,6.240343285204583
2.833,6.610052197349027
2.835,6.954679503835353
2.836,7.116531253288281
2.837,7.270875632867537
2.838,7.417334299598495
2.839,7.5555472865119615
2.84,7.68517411237353
2.841,7.805894845036769
2.842,7.917411114371022
2.843,
2.844,
2.845,8.194092589801539
2.846,8.266270846112981
2.848,8.379451982317633
2.849,8.420179724360569
2.85,8.450194179357062
2.852,8.477835760689931
2.854,8.462164297948163
2.855,8.438144224120311
2.856,8.40342261347364
2.857,8.358101015707813
2.858,8.302309168481209
2.859,8.236204694062407
2.8609999999999998,8.073825320937788
2.864,7.7584044055180374
2.867,7.363836122897298
2.868,
2.8689999999999998,7.061523334850505
2.871,6.731571656024663
2.872,6.557332484946826
2.874,6.192664061500796
2.875,6.003208427696736
2.876,5.809672349961485
2.877,5.612567398556535
2.878,5.4124121475632965
2.879,
2.881,4.798900438425711
2.882,4.591811378275052
2.883,4.384311305174213
2.884,4.17692547084493
2.885,
2.887,3.560623403422528
2.888,
2.889,3.1596622864335044
2.891,2.7711129781372263
2.893,2.398567290247854
2.894,2.2193441001434104
2.895,2.045341663255887
2.896,
2.897,1.7144361977040636
2.898,1.5581955596445458
2.899,
2.902,1.0012493187706104
2.903,0.8801768280599953
2.904,0.7667410682906519
2.906,0.5633038812866058
2.907,0.4734953906777024
2.908,0.39170942957004096
2.909,0.31797335744191546
2.911,0.1946240327255322
2.912,
2.913,0.10312674294470359
2.914,
2.915,0.04274614459550152
2.916,0.02388689057761839
2.917,0.012354964484808217
2.918,0.007952968080175982
2.919,
2.921,0.03525148235909059
2.922,
2.926,0.7273108390328966
2.927,0.7752332803444633
2.928,
2.929,0.8834706295293224
2.93,0.9430878616865206
2.931,
2.932,
2.933,1.1396954051672226
2.936,1.3555596409320376
2.937,1.430192836965238
2.938,
2.939,1.5815171070055336
2.94,1.6575909194707688
2.941,1.733548546549398
2.942,1.8091146081701504
2.943,1.8840292518738604
2.945,2.030949095353758
2.946,2.1025217859796217
2.949,2.3075030698464962
2.95,2.3720964146994046
2.951,2.4346321930392256
2.952,
2.953,2.553226770316284
2.954,2.6091889171430793
2.955,2.6629002012755687
2.956,2.7143675996145973
2.957,2.7636198122692734
2.959,
2.96,
2.962,
2.963,3.0168345892250654
2.964,
2.965,3.0880854687909745
2.966,3.1219926975522494
2.967,3.1550253241784336
2.968,3.18740146013947
2.969,3.2193494833032132
2.97,3.2511065495056233
2.971,
2.973,
2.974,3.3811879995056087
2.976,
2.977,3.4890924293186414
2.978,3.528386154425052
2.98,
2.981,3.659632589893641
2.982,
2.983,3.760491761951026
2.985,3.8738873112130356
2.986,3.935706349214911
2.987,4.001128762526742
2.988,
2.99,4.2200911867161235
2.991,
2.992,4.385675844056916
2.993,
2.994,4.5671659183956566
2.995,4.663811465463219
2.996,
2.999,5.087791658667939
3.0,5.202461660121843
